Date,Home Team,Away Team,Home Points,Away Points,Outcome,Spread
4/10/2015,Utah,Memphis ,88,89,1,2.5
3/10/2015,Utah,New York ,87,82,-5,-13.0
11/19/2014,Indiana,Charlotte ,88,86,-2,-2.0
11/15/2014,Chicago,Indiana ,90,99,9,-9.0
3/25/2015,Utah,Portland ,89,92,3,-2.0
3/3/2015,Memphis,Utah ,82,93,11,-7.0
3/18/2015,Utah,Washington ,84,88,4,-3.0
3/16/2015,Utah,Charlotte ,94,66,-28,-4.5
1/24/2015,Charlotte,New York ,76,71,-5,-9.0
11/7/2014,Oklahoma City,Memphis ,89,91,2,7.0
2/20/2015,New York,Miami ,87,111,24,7.0
2/9/2015,Miami,New York ,109,95,-14,-4.5
2/28/2015,Utah,Milwaukee ,82,75,-7,-3.5
3/23/2015,Utah,Minnesota ,104,106,2,-10.0
2/20/2015,Philadelphia,Indiana ,95,106,11,8.5
3/9/2015,Chicago,Memphis ,91,101,10,5.5
3/23/2015,New York,Memphis ,82,103,21,14.0
3/12/2015,Washington,Memphis ,107,87,-20,-8.5
3/19/2015,L.A. Lakers,Utah ,73,80,7,4.5
4/11/2015,Portland,Utah ,105,111,6,-10.0
2/7/2015,Philadelphia,Charlotte ,89,81,-8,8.0
3/14/2015,Utah,Detroit ,88,85,-3,-8.0
3/17/2015,Detroit,Memphis ,105,95,-10,4.5
3/14/2015,Memphis,Milwaukee ,96,83,-13,-6.5
11/8/2014,Indiana,Washington ,90,97,7,3.5
10/29/2014,New York,Chicago ,80,104,24,4.5
1/23/2015,Miami,Indiana ,89,87,-2,-3.5
1/21/2015,Charlotte,Miami ,78,76,-2,-6.0
1/25/2015,Chicago,Miami ,84,96,12,-7.5
2/3/2015,Detroit,Miami ,108,91,-17,-4.0
3/1/2015,Orlando,Charlotte ,83,98,15,1.5
2/8/2015,Charlotte,Indiana ,102,103,1,2.0
1/17/2015,Charlotte,Indiana ,80,71,-9,1.5
4/15/2015,Memphis,Indiana ,95,83,-12,2.5
4/8/2015,Memphis,New Orleans ,110,74,-36,-4.5
2/9/2015,New Orleans,Utah ,96,100,4,-2.5
1/22/2015,Milwaukee,Utah ,99,101,2,-8.5
11/26/2014,Oklahoma City,Utah ,97,82,-15,-4.5
11/23/2014,Miami,Charlotte ,94,93,-1,-1.0
11/2/2014,New York,Charlotte ,96,93,-3,-3.5
1/5/2015,Utah,Indiana ,101,105,4,-1.5
10/31/2014,Indiana,Memphis ,89,97,8,6.5
2/1/2015,Boston,Miami ,75,83,8,-3.5
3/8/2015,Brooklyn,Utah ,88,95,7,-2.0
11/15/2014,Memphis,Detroit ,95,88,-7,-9.5
11/1/2014,Charlotte,Memphis ,69,71,2,-3.0
3/7/2015,New Orleans,Memphis ,95,89,-6,-1.5
2/6/2015,San Antonio,Miami ,98,85,-13,-12.5
11/5/2014,Detroit,New York ,98,95,-3,-4.0
11/28/2014,Oklahoma City,New York ,105,78,-27,-8.0
11/18/2014,Utah,Oklahoma City ,98,81,-17,-3.0
4/5/2015,New York,Philadelphia ,101,91,-10,-1.0
2/23/2015,Utah,San Antonio ,90,81,-9,5.5
4/8/2015,Philadelphia,Washington ,90,119,29,4.5
3/6/2015,Indiana,Chicago ,98,84,-14,-6.0
3/26/2015,Milwaukee,Indiana ,111,107,-4,-1.5
3/9/2015,Milwaukee,New Orleans ,103,114,11,1.5
3/6/2015,Philadelphia,Utah ,83,89,6,7.5
3/7/2015,Milwaukee,Washington ,91,85,-6,-4.5
11/21/2014,Oklahoma City,Brooklyn ,92,94,2,-1.5
1/10/2015,New York,Charlotte ,82,110,28,7.5
2/2/2015,Washington,Charlotte ,88,92,4,-8.0
4/13/2015,Utah,Dallas ,109,92,-17,-7.0
11/26/2014,San Antonio,Indiana ,106,100,-6,-13.0
11/8/2014,Milwaukee,Memphis ,93,92,-1,4.5
2/4/2015,Utah,Memphis ,90,100,10,6.5
12/16/2014,Brooklyn,Miami ,91,95,4,-6.0
1/27/2015,Miami,Milwaukee ,102,109,7,-2.0
2/11/2015,Orlando,New York ,89,83,-6,-6.0
11/10/2014,Indiana,Utah ,97,86,-11,-2.5
3/30/2015,Minnesota,Utah ,84,104,20,7.5
4/4/2015,Phoenix,Utah ,87,85,-2,-1.0
3/3/2015,Chicago,Washington ,97,92,-5,1.5
4/4/2015,Memphis,Washington ,83,92,9,-7.5
1/24/2015,Utah,Brooklyn ,108,73,-35,-4.0
2/25/2015,Chicago,Charlotte ,86,98,12,-7.0
1/3/2015,Orlando,Charlotte ,90,98,8,-4.0
1/28/2015,San Antonio,Charlotte ,95,86,-9,-12.5
11/17/2014,Memphis,Houston ,119,93,-26,-4.5
11/12/2014,Miami,Indiana ,75,81,6,-8.5
11/5/2014,Washington,Indiana ,96,94,-2,-9.5
11/3/2014,Memphis,New Orleans ,93,81,-12,-4.0
1/29/2015,Indiana,New York ,103,82,-21,-8.0
1/7/2015,Washington,New York ,101,91,-10,-14.5
3/10/2015,Indiana,Orlando ,118,86,-32,-8.5
2/25/2015,Milwaukee,Philadelphia ,104,88,-16,-10.0
2/5/2015,Charlotte,Washington ,94,87,-7,2.0
3/28/2015,Charlotte,Atlanta ,115,100,-15,-5.5
3/27/2015,Washington,Charlotte ,110,107,-3,-4.5
11/14/2014,Oklahoma City,Detroit ,89,96,7,-3.0
3/7/2015,New York,Indiana ,86,92,6,9.0
1/10/2015,Philadelphia,Indiana ,93,92,-1,7.0
3/12/2015,Indiana,Milwaukee ,109,103,-6,-7.0
10/29/2014,Miami,Washington ,107,95,-12,-5.0
10/30/2014,Orlando,Washington ,98,105,7,4.5
3/13/2015,Charlotte,Chicago ,101,91,-10,1.0
3/25/2015,Washington,Indiana ,101,103,2,-3.0
3/11/2015,Boston,Memphis ,95,92,-3,6.5
2/4/2015,Minnesota,Miami ,102,101,-1,-2.0
11/30/2014,New York,Miami ,79,86,7,3.5
1/5/2015,Memphis,New York ,105,83,-22,-14.0
3/20/2015,Philadelphia,New York ,97,81,-16,-5.5
12/27/2014,Charlotte,Orlando ,94,102,8,-6.0
2/22/2015,Orlando,Philadelphia ,103,98,-5,-9.0
3/11/2015,Philadelphia,Chicago ,95,104,9,6.5
2/11/2015,New Orleans,Indiana ,93,106,13,1.0
4/10/2015,New York,Milwaukee ,91,99,8,11.0
12/18/2014,Chicago,New York ,103,97,-6,-12.5
11/4/2014,Chicago,Orlando ,98,90,-8,-10.0
3/11/2015,Milwaukee,Orlando ,97,91,-6,-8.0
4/4/2015,Charlotte,Philadelphia ,92,91,-1,-6.5
11/13/2014,Memphis,Sacramento ,111,110,-1,-5.5
3/27/2015,Denver,Utah ,107,91,-16,-2.0
12/19/2014,Miami,Washington ,103,105,2,6.0
12/13/2014,Charlotte,Brooklyn ,87,114,27,-4.0
11/7/2014,Philadelphia,Chicago ,115,118,3,10.0
12/21/2014,Brooklyn,Detroit ,110,105,-5,-2.0
3/18/2015,Chicago,Indiana ,103,86,-17,-1.0
1/14/2015,Brooklyn,Memphis ,92,103,11,7.0
12/3/2014,Houston,Memphis ,105,96,-9,5.0
12/27/2014,Miami,Memphis ,95,103,8,3.5
2/28/2015,Minnesota,Memphis ,97,101,4,5.5
12/31/2014,Indiana,Miami ,106,95,-11,-4.0
11/16/2014,Miami,Milwaukee ,84,91,7,-5.0
1/21/2015,Philadelphia,New York ,91,98,7,3.0
12/29/2014,Miami,Orlando ,101,102,1,-5.5
10/29/2014,Indiana,Philadelphia ,103,91,-12,-7.5
1/26/2015,New Orleans,Philadelphia ,99,74,-25,-15.0
2/28/2015,New York,Toronto ,103,98,-5,11.0
12/17/2014,Miami,Utah ,87,105,18,-3.5
12/12/2014,Memphis,Charlotte ,113,107,-6,-10.0
11/4/2014,New Orleans,Charlotte ,100,91,-9,-4.0
11/25/2014,Milwaukee,Detroit ,98,86,-12,-3.5
11/5/2014,Charlotte,Miami ,96,89,-7,-1.0
4/4/2015,Detroit,Miami ,99,98,-1,4.5
12/12/2014,Utah,Miami ,95,100,5,-1.5
12/5/2014,Charlotte,New York ,103,102,-1,-4.5
12/10/2014,San Antonio,New York ,109,95,-14,-10.0
4/3/2015,Washington,New York ,101,87,-14,-14.0
1/24/2015,Memphis,Philadelphia ,101,83,-18,-18.0
4/1/2015,Washington,Philadelphia ,106,93,-13,-10.0
11/9/2014,Oklahoma City,Sacramento ,101,93,-8,2.0
4/8/2015,Utah,Sacramento ,103,91,-12,-12.0
4/5/2015,Sacramento,Utah ,95,101,6,-1.5
2/3/2015,New York,Boston ,97,108,11,1.0
2/10/2015,Memphis,Brooklyn ,95,86,-9,-13.0
4/7/2015,Miami,Charlotte ,105,100,-5,-6.5
12/3/2014,Charlotte,Chicago ,95,102,7,3.5
11/1/2014,Minnesota,Chicago ,105,106,1,2.0
3/8/2015,San Antonio,Chicago ,116,105,-11,-10.0
3/12/2015,Utah,Houston ,109,91,-18,2.0
2/1/2015,New York,L.A. Lakers ,92,80,-12,-3.0
12/1/2014,Washington,Miami ,107,86,-21,-4.5
3/17/2015,New Orleans,Milwaukee ,85,84,-1,-7.0
3/28/2015,Chicago,New York ,111,80,-31,-17.5
3/4/2015,Indiana,New York ,105,82,-23,-13.0
1/12/2015,Chicago,Orlando ,114,121,7,-11.5
2/6/2015,Boston,Philadelphia ,107,96,-11,-8.5
1/9/2015,Brooklyn,Philadelphia ,88,90,2,-10.5
1/17/2015,Brooklyn,Washington ,90,99,9,5.5
4/8/2015,Orlando,Chicago ,105,103,-2,7.5
1/30/2015,Miami,Dallas ,72,93,21,7.5
11/10/2014,Chicago,Detroit ,102,91,-11,-9.5
11/7/2014,Boston,Indiana ,101,98,-3,-5.5
12/27/2014,Brooklyn,Indiana ,85,110,25,-2.5
12/5/2014,Sacramento,Indiana ,102,101,-1,-3.0
3/24/2015,Milwaukee,Miami ,89,88,-1,2.0
1/16/2015,Sacramento,Miami ,83,95,12,-3.0
11/28/2014,Detroit,Milwaukee ,88,104,16,-2.0
1/7/2015,Charlotte,New Orleans ,98,94,-4,4.5
1/16/2015,Philadelphia,New Orleans ,96,81,-15,6.5
11/24/2014,Houston,New York ,91,86,-5,-6.0
11/11/2014,Milwaukee,Oklahoma City ,85,78,-7,-2.5
11/21/2014,Charlotte,Orlando ,100,105,5,-4.0
11/28/2014,Indiana,Orlando ,98,83,-15,-4.5
10/28/2014,New Orleans,Orlando ,101,84,-17,-9.0
11/12/2014,New York,Orlando ,95,97,2,-6.5
2/20/2015,Utah,Portland ,92,76,-16,4.5
12/5/2014,Memphis,San Antonio ,101,107,6,-1.0
11/14/2014,New York,Utah ,100,102,2,-3.5
11/4/2014,New York,Washington ,83,98,15,1.5
4/10/2015,Atlanta,Charlotte ,104,80,-24,-10.0
3/23/2015,Chicago,Charlotte ,98,86,-12,-7.0
3/8/2015,Detroit,Charlotte ,101,108,7,1.0
12/19/2014,Memphis,Chicago ,97,103,6,-6.0
4/1/2015,Milwaukee,Chicago ,95,91,-4,5.0
11/29/2014,Milwaukee,Houston ,103,117,14,-3.5
4/8/2015,New York,Indiana ,86,102,16,11.5
12/13/2014,Philadelphia,Memphis ,115,120,5,10.0
12/17/2014,San Antonio,Memphis ,116,117,1,-3.0
4/5/2015,Indiana,Miami ,112,89,-23,-6.5
12/7/2014,Memphis,Miami ,103,87,-16,-7.5
11/22/2014,Orlando,Miami ,92,99,7,1.5
3/12/2015,L.A. Lakers,New York ,94,101,7,-7.0
12/5/2014,Utah,Orlando ,93,98,5,-5.0
2/9/2015,Indiana,San Antonio ,93,95,2,4.5
3/2/2015,Philadelphia,Toronto ,103,114,11,9.5
3/21/2015,Golden State,Utah ,106,91,-15,-9.0
3/9/2015,Charlotte,Washington ,69,95,26,-2.5
1/28/2015,Atlanta,Brooklyn ,113,102,-11,-14.0
2/7/2015,Washington,Brooklyn ,114,77,-37,-6.5
1/16/2015,Washington,Brooklyn ,80,102,22,-9.5
1/5/2015,Philadelphia,Cleveland ,95,92,-3,4.5
11/12/2014,Washington,Detroit ,107,103,-4,-6.0
11/16/2014,Oklahoma City,Houston ,65,69,4,5.0
2/4/2015,Milwaukee,L.A. Lakers ,113,105,-8,-9.5
3/30/2015,Philadelphia,L.A. Lakers ,111,113,2,-5.0
2/25/2015,Utah,L.A. Lakers ,97,100,3,-9.5
11/4/2014,Toronto,Oklahoma City ,100,88,-12,-11.5
12/23/2014,Miami,Philadelphia ,87,91,4,-7.5
11/26/2014,Charlotte,Portland ,97,105,8,5.5
1/14/2015,Charlotte,San Antonio ,93,98,5,4.5
3/18/2015,Milwaukee,San Antonio ,103,114,11,5.5
4/15/2015,Cleveland,Washington ,113,108,-5,-7.5
4/14/2015,Indiana,Washington ,99,95,-4,-8.0
2/7/2015,Milwaukee,Boston ,96,93,-3,-6.5
12/10/2014,Chicago,Brooklyn ,105,80,-25,-11.0
12/19/2014,Philadelphia,Charlotte ,91,109,18,4.5
11/11/2014,Portland,Charlotte ,102,100,-2,-6.5
3/21/2015,Detroit,Chicago ,107,91,-16,3.0
4/9/2015,Miami,Chicago ,78,89,11,-2.0
1/2/2015,Charlotte,Cleveland ,87,91,4,1.5
2/10/2015,Charlotte,Detroit ,78,106,28,-2.0
1/28/2015,Philadelphia,Detroit ,89,69,-20,8.0
1/21/2015,Atlanta,Indiana ,110,91,-19,-10.5
4/10/2015,Detroit,Indiana ,103,107,4,5.5
11/5/2014,Phoenix,Memphis ,91,102,11,-1.5
11/19/2014,Toronto,Memphis ,96,92,-4,-6.0
2/11/2015,Cleveland,Miami ,113,93,-20,-12.0
4/15/2015,Philadelphia,Miami ,101,105,4,-2.0
2/23/2015,Chicago,Milwaukee ,87,71,-16,-7.0
2/27/2015,L.A. Lakers,Milwaukee ,101,93,-8,6.5
1/4/2015,New York,Milwaukee ,82,95,13,7.0
1/25/2015,San Antonio,Milwaukee ,101,95,-6,-11.5
3/10/2015,Brooklyn,New Orleans ,91,111,20,-2.5
2/20/2015,Orlando,New Orleans ,95,84,-11,5.5
11/7/2014,Brooklyn,New York ,110,99,-11,-6.0
2/27/2015,Detroit,New York ,115,121,6,-13.0
11/3/2014,Brooklyn,Oklahoma City ,116,85,-31,-7.0
2/4/2015,New Orleans,Oklahoma City ,91,102,11,-4.0
1/31/2015,Atlanta,Philadelphia ,91,85,-6,-16.0
3/1/2015,Indiana,Philadelphia ,94,74,-20,-11.0
1/19/2015,Washington,Philadelphia ,111,76,-35,-14.0
12/13/2014,Indiana,Portland ,85,95,10,5.0
3/21/2015,Memphis,Portland ,97,86,-11,-3.0
1/7/2015,Chicago,Utah ,77,97,20,-11.0
11/9/2014,Detroit,Utah ,96,97,1,-3.5
1/27/2015,L.A. Lakers,Washington ,92,98,6,8.0
3/14/2015,Indiana,Boston ,89,93,4,-8.5
1/2/2015,Orlando,Brooklyn ,98,100,2,2.5
4/12/2015,Detroit,Charlotte ,116,77,-39,-8.0
11/5/2014,Milwaukee,Chicago ,86,95,9,5.0
11/24/2014,Utah,Chicago ,95,97,2,3.5
10/31/2014,Chicago,Cleveland ,108,114,6,-4.0
2/4/2015,Indiana,Detroit ,114,109,-5,-4.5
3/29/2015,Miami,Detroit ,109,102,-7,-2.0
4/15/2015,New York,Detroit ,90,112,22,8.5
12/26/2014,Memphis,Houston ,111,117,6,-2.0
11/1/2014,Atlanta,Indiana ,102,92,-10,-10.5
1/16/2015,Orlando,Memphis ,96,106,10,5.0
2/22/2015,Portland,Memphis ,92,98,6,-1.5
3/29/2015,San Antonio,Memphis ,103,89,-14,-8.0
11/14/2014,Atlanta,Miami ,114,103,-11,-5.0
3/6/2015,Washington,Miami ,99,97,-2,-6.0
3/20/2015,Brooklyn,Milwaukee ,129,127,-2,-2.0
10/29/2014,Charlotte,Milwaukee ,108,106,-2,-8.0
11/4/2014,Indiana,Milwaukee ,81,87,6,-4.0
1/19/2015,Charlotte,Minnesota ,105,80,-25,-6.0
1/30/2015,Philadelphia,Minnesota ,103,94,-9,4.5
4/4/2015,Portland,New Orleans ,99,90,-9,-5.5
11/18/2014,Milwaukee,New York ,117,113,-4,-1.5
11/17/2014,Detroit,Orlando ,93,107,14,-4.5
2/9/2015,Washington,Orlando ,96,80,-16,-10.5
12/12/2014,Brooklyn,Philadelphia ,88,70,-18,-6.5
4/15/2015,New Orleans,San Antonio ,108,103,-5,5.5
3/4/2015,Boston,Utah ,85,84,-1,-1.0
12/22/2014,Memphis,Utah ,91,97,6,-8.0
12/19/2014,Orlando,Utah ,94,101,7,-4.0
1/26/2015,Utah,Boston ,90,99,9,-7.0
10/29/2014,Boston,Brooklyn ,121,105,-16,-1.0
2/9/2015,Milwaukee,Brooklyn ,103,97,-6,-5.0
2/25/2015,New Orleans,Brooklyn ,102,96,-6,2.5
12/2/2014,New York,Brooklyn ,93,98,5,1.0
1/23/2015,Cleveland,Charlotte ,129,90,-39,-10.0
4/3/2015,Indiana,Charlotte ,93,74,-19,-4.5
11/30/2014,Brooklyn,Chicago ,84,102,18,2.5
2/20/2015,Detroit,Chicago ,100,91,-9,6.0
12/29/2014,Indiana,Chicago ,90,92,2,4.5
2/7/2015,New Orleans,Chicago ,72,107,35,2.0
11/1/2014,Oklahoma City,Denver ,102,91,-11,4.5
2/3/2015,Philadelphia,Denver ,105,98,-7,7.5
1/12/2015,Brooklyn,Houston ,99,113,14,7.0
12/4/2014,Portland,Indiana ,88,82,-6,-8.5
11/30/2014,Sacramento,Memphis ,85,97,12,4.0
2/27/2015,Chicago,Minnesota ,96,89,-7,-5.0
1/19/2015,New York,New Orleans ,99,92,-7,7.5
2/23/2015,Miami,Philadelphia ,119,108,-11,-11.0
12/21/2014,Orlando,Philadelphia ,88,96,8,-9.0
4/15/2015,Houston,Utah ,117,91,-26,-11.5
12/14/2014,Washington,Utah ,93,84,-9,-11.0
12/25/2014,New York,Washington ,91,102,11,4.5
2/27/2015,Philadelphia,Washington ,89,81,-8,7.5
11/7/2014,Charlotte,Atlanta ,122,119,-3,-1.5
12/8/2014,Indiana,Atlanta ,92,108,16,-1.0
3/7/2015,Philadelphia,Atlanta ,92,84,-8,7.5
4/12/2015,Washington,Atlanta ,108,99,-9,-9.0
11/8/2014,Chicago,Boston ,101,106,5,-9.5
3/27/2015,New York,Boston ,92,96,4,10.5
11/22/2014,San Antonio,Brooklyn ,99,87,-12,-10.0
4/15/2015,Toronto,Charlotte ,92,87,-5,-10.5
4/5/2015,Cleveland,Chicago ,99,94,-5,-8.0
12/14/2014,Miami,Chicago ,75,93,18,7.0
2/27/2015,Indiana,Cleveland ,93,86,-7,-2.5
3/25/2015,Memphis,Cleveland ,89,111,22,1.0
3/16/2015,Memphis,Denver ,92,81,-11,-12.5
12/26/2014,Detroit,Indiana ,119,109,-10,2.5
11/28/2014,Portland,Memphis ,99,112,13,-3.5
1/10/2015,Chicago,Milwaukee ,95,87,-8,-6.0
11/14/2014,Orlando,Milwaukee ,101,85,-16,-2.5
12/7/2014,Detroit,Oklahoma City ,94,96,2,10.0
4/4/2015,Milwaukee,Orlando ,90,97,7,-9.0
4/10/2015,New Orleans,Phoenix ,90,75,-15,-9.0
11/26/2014,Houston,Sacramento ,102,89,-13,-4.5
12/9/2014,Utah,San Antonio ,100,96,-4,9.0
2/27/2015,Denver,Utah ,82,104,22,4.5
2/3/2015,Portland,Utah ,103,102,-1,-8.5
1/11/2015,Atlanta,Washington ,120,89,-31,-4.5
11/22/2014,Milwaukee,Washington ,100,111,11,3.0
12/13/2014,Orlando,Atlanta ,100,99,-1,3.0
1/2/2015,Utah,Atlanta ,92,98,6,4.5
1/10/2015,Detroit,Brooklyn ,98,93,-5,-5.5
2/20/2015,L.A. Lakers,Brooklyn ,105,114,9,3.0
4/1/2015,New York,Brooklyn ,98,100,2,9.5
3/4/2015,Brooklyn,Charlotte ,91,115,24,-5.5
1/31/2015,Denver,Charlotte ,86,104,18,-4.5
3/18/2015,Philadelphia,Detroit ,94,83,-11,-1.0
2/28/2015,Washington,Detroit ,99,95,-4,-4.5
1/8/2015,New York,Houston ,96,120,24,12.5
1/2/2015,Milwaukee,Indiana ,91,94,3,-1.5
3/30/2015,Atlanta,Milwaukee ,101,88,-13,-9.0
4/3/2015,Boston,Milwaukee ,101,110,9,-5.0
11/7/2014,Detroit,Milwaukee ,98,95,-3,-4.5
12/23/2014,Indiana,New Orleans ,96,84,-12,1.5
2/21/2015,Miami,New Orleans ,91,105,14,-2.0
11/8/2014,Atlanta,New York ,103,96,-7,-6.5
3/22/2015,Toronto,New York ,106,89,-17,-12.0
11/15/2014,Washington,Orlando ,98,93,-5,-9.0
12/6/2014,Detroit,Philadelphia ,101,108,7,-9.5
3/22/2015,L.A. Lakers,Philadelphia ,101,87,-14,-4.5
11/28/2014,San Antonio,Sacramento ,112,104,-8,-10.5
2/7/2015,Utah,Sacramento ,102,90,-12,-5.5
2/11/2015,Detroit,San Antonio ,87,104,17,6.5
3/31/2015,Miami,San Antonio ,81,95,14,8.0
3/17/2015,New York,San Antonio ,104,100,-4,14.5
12/1/2014,Philadelphia,San Antonio ,103,109,6,11.0
12/15/2014,Portland,San Antonio ,108,95,-13,-8.5
3/6/2015,Charlotte,Toronto ,103,94,-9,-1.0
1/27/2015,Indiana,Toronto ,91,104,13,3.0
12/20/2014,Charlotte,Utah ,104,86,-18,-3.5
1/3/2015,San Antonio,Washington ,101,92,-9,-5.5
2/22/2015,Milwaukee,Atlanta ,86,97,11,5.0
3/21/2015,Indiana,Brooklyn ,111,123,12,-8.5
1/4/2015,Miami,Brooklyn ,88,84,-4,2.5
2/27/2015,Boston,Charlotte ,106,98,-8,-1.5
11/21/2014,Portland,Chicago ,105,87,-18,-8.0
4/1/2015,Utah,Denver ,98,84,-14,-5.0
12/13/2014,Sacramento,Detroit ,90,95,5,-5.0
11/29/2014,Cleveland,Indiana ,109,97,-12,-10.0
12/21/2014,Minnesota,Indiana ,96,100,4,3.5
12/9/2014,New Orleans,New York ,104,93,-11,-6.0
1/10/2015,Portland,Orlando ,103,92,-11,-14.0
4/11/2015,Chicago,Philadelphia ,114,107,-7,-15.5
1/17/2015,Detroit,Philadelphia ,107,89,-18,-13.0
12/30/2014,Memphis,San Antonio ,95,87,-8,-1.0
2/25/2015,Portland,San Antonio ,111,95,-16,-2.5
2/23/2015,New Orleans,Toronto ,100,97,-3,7.5
1/23/2015,Philadelphia,Toronto ,86,91,5,13.0
2/22/2015,Detroit,Washington ,106,89,-17,2.0
1/24/2015,Portland,Washington ,103,96,-7,3.5
1/29/2015,L.A. Lakers,Chicago ,123,118,-5,9.5
11/20/2014,Sacramento,Chicago ,103,88,-15,-3.0
1/9/2015,Washington,Chicago ,102,86,-16,-1.0
2/6/2015,Indiana,Cleveland ,103,99,-4,6.0
1/24/2015,Milwaukee,Detroit ,101,86,-15,2.5
3/4/2015,New Orleans,Detroit ,88,85,-3,-5.0
1/2/2015,New York,Detroit ,81,97,16,4.5
3/13/2015,Portland,Detroit ,118,99,-19,-8.0
3/27/2015,Atlanta,Miami ,99,86,-13,-8.0
12/5/2014,Milwaukee,Miami ,109,85,-24,1.5
11/1/2014,Philadelphia,Miami ,96,114,18,9.0
1/7/2015,Philadelphia,Milwaukee ,77,97,20,7.0
1/13/2015,Indiana,Minnesota ,101,110,9,-11.0
11/8/2014,San Antonio,New Orleans ,99,100,1,-7.5
2/27/2015,Atlanta,Orlando ,95,88,-7,-11.0
12/12/2014,Atlanta,Orlando ,87,81,-6,-9.0
3/13/2015,Boston,Orlando ,95,88,-7,-5.0
11/5/2014,Philadelphia,Orlando ,89,91,2,2.5
3/16/2015,Boston,Philadelphia ,108,89,-19,-8.5
2/2/2015,Cleveland,Philadelphia ,97,84,-13,-17.0
12/7/2014,New York,Portland ,99,103,4,6.5
1/13/2015,Washington,San Antonio ,101,93,-8,1.0
11/1/2014,Orlando,Toronto ,95,108,13,6.0
1/10/2015,Houston,Utah ,97,82,-15,-11.0
1/18/2015,San Antonio,Utah ,89,69,-20,-12.0
12/10/2014,Orlando,Washington ,89,91,2,5.5
11/7/2014,Toronto,Washington ,103,84,-19,-4.0
2/2/2015,New Orleans,Atlanta ,115,100,-15,3.0
1/13/2015,Philadelphia,Atlanta ,87,105,18,10.0
3/30/2015,Charlotte,Boston ,104,116,12,-3.0
11/1/2014,Detroit,Brooklyn ,90,102,12,-2.5
12/15/2014,Atlanta,Chicago ,93,86,-7,-2.5
11/13/2014,Toronto,Chicago ,93,100,7,-2.5
12/25/2014,Miami,Cleveland ,101,91,-10,6.0
3/22/2015,Milwaukee,Cleveland ,90,108,18,7.5
12/26/2014,Orlando,Cleveland ,89,98,9,3.5
1/19/2015,Houston,Indiana ,110,98,-12,-10.0
12/12/2014,Toronto,Indiana ,106,94,-12,-9.0
3/3/2015,Charlotte,L.A. Lakers ,104,103,-1,-8.5
2/11/2015,Portland,L.A. Lakers ,102,86,-16,-13.5
1/16/2015,Utah,L.A. Lakers ,94,85,-9,-8.0
3/20/2015,Dallas,Memphis ,101,112,11,-3.0
3/4/2015,Houston,Memphis ,100,102,2,-3.0
11/17/2014,Brooklyn,Miami ,83,95,12,-8.0
2/27/2015,New Orleans,Miami ,104,102,-2,2.0
1/8/2015,Portland,Miami ,99,83,-16,-8.5
4/13/2015,Philadelphia,Milwaukee ,97,107,10,3.5
4/13/2015,Atlanta,New York ,108,112,4,-14.0
2/6/2015,Brooklyn,New York ,92,88,-4,-6.5
3/15/2015,Phoenix,New York ,102,89,-13,-11.5
1/28/2015,New York,Oklahoma City ,100,92,-8,8.0
12/6/2014,Sacramento,Orlando ,96,105,9,-6.0
11/17/2014,San Antonio,Philadelphia ,100,75,-25,-16.5
11/22/2014,Indiana,Phoenix ,83,106,23,2.0
1/22/2015,Chicago,San Antonio ,104,81,-23,5.5
11/15/2014,Sacramento,San Antonio ,94,91,-3,1.5
2/4/2015,Atlanta,Washington ,105,96,-9,-5.5
1/14/2015,Chicago,Washington ,99,105,6,-5.5
2/11/2015,Toronto,Washington ,95,93,-2,-5.0
12/30/2014,Chicago,Brooklyn ,82,96,14,-10.0
12/8/2014,Brooklyn,Cleveland ,88,110,22,8.0
3/22/2015,Boston,Detroit ,97,105,8,-5.5
4/1/2015,Charlotte,Detroit ,102,78,-24,-5.5
4/3/2015,Chicago,Detroit ,88,82,-6,-9.5
12/2/2014,Phoenix,Indiana ,116,99,-17,-5.0
3/6/2015,Memphis,L.A. Lakers ,97,90,-7,-11.0
12/21/2014,Cleveland,Memphis ,105,91,-14,-4.5
4/13/2015,Golden State,Memphis ,111,107,-4,-8.0
4/2/2015,Cleveland,Miami ,114,88,-26,-9.5
3/3/2015,Denver,Milwaukee ,106,95,-11,5.5
3/19/2015,New York,Minnesota ,92,95,3,-2.0
4/1/2015,L.A. Lakers,New Orleans ,92,113,21,9.5
1/23/2015,Minnesota,New Orleans ,84,92,8,6.5
12/21/2014,Toronto,New York ,118,108,-10,-12.5
12/25/2014,San Antonio,Oklahoma City ,106,114,8,-6.0
2/10/2015,Chicago,Sacramento ,104,86,-18,-11.0
11/6/2014,Houston,San Antonio ,98,81,-17,-6.5
4/1/2015,Orlando,San Antonio ,91,103,12,10.0
1/21/2015,Cleveland,Utah ,106,92,-14,-9.5
2/8/2015,Memphis,Atlanta ,94,88,-6,-2.5
2/28/2015,Miami,Atlanta ,91,93,2,2.0
1/9/2015,Indiana,Boston ,107,103,-4,-6.0
3/14/2015,Philadelphia,Brooklyn ,87,94,7,6.5
1/21/2015,Sacramento,Brooklyn ,100,103,3,-5.5
12/15/2014,Cleveland,Charlotte ,97,88,-9,-10.5
2/22/2015,Dallas,Charlotte ,92,81,-11,-9.5
12/31/2014,Houston,Charlotte ,102,83,-19,-11.5
12/23/2014,Milwaukee,Charlotte ,101,108,7,-5.5
1/8/2015,Toronto,Charlotte ,95,103,8,-12.5
3/25/2015,Toronto,Chicago ,103,116,13,3.0
4/12/2015,Boston,Cleveland ,117,78,-39,-10.0
3/29/2015,Indiana,Dallas ,104,99,-5,-2.0
1/29/2015,Memphis,Denver ,99,69,-30,-9.5
2/20/2015,Milwaukee,Denver ,89,81,-8,-8.5
1/16/2015,Indiana,Detroit ,96,98,2,-1.0
11/23/2014,Oklahoma City,Golden State ,86,91,5,8.0
3/25/2015,New York,L.A. Clippers ,80,111,31,15.0
1/7/2015,Atlanta,Memphis ,96,86,-10,-4.5
4/11/2015,L.A. Clippers,Memphis ,94,86,-8,-9.5
11/1/2014,Washington,Milwaukee ,108,97,-11,-9.0
10/29/2014,Memphis,Minnesota ,105,101,-4,-7.5
3/29/2015,New Orleans,Minnesota ,110,88,-22,-13.0
3/2/2015,Dallas,New Orleans ,102,93,-9,-8.0
4/11/2015,Orlando,New York ,79,80,1,-11.0
11/12/2014,Boston,Oklahoma City ,94,109,15,-7.5
1/31/2015,Memphis,Oklahoma City ,85,74,-11,-4.0
12/2/2014,New Orleans,Oklahoma City ,112,104,-8,3.5
12/27/2014,Utah,Philadelphia ,88,71,-17,-10.0
12/12/2014,Chicago,Portland ,115,106,-9,-2.5
12/19/2014,San Antonio,Portland ,119,129,10,-4.5
1/30/2015,Brooklyn,Toronto ,122,127,5,7.5
4/11/2015,Miami,Toronto ,104,107,3,-3.5
11/2/2014,Miami,Toronto ,107,102,-5,-2.0
1/19/2015,Milwaukee,Toronto ,89,92,3,-1.5
12/16/2014,New Orleans,Utah ,119,111,-8,-10.0
12/8/2014,Sacramento,Utah ,101,92,-9,-5.0
11/10/2014,New York,Atlanta ,85,91,6,2.0
3/8/2015,Orlando,Boston ,103,98,-5,2.5
3/25/2015,Charlotte,Brooklyn ,88,91,3,-3.5
3/16/2015,Minnesota,Brooklyn ,106,122,16,4.5
11/29/2014,Atlanta,Charlotte ,105,75,-30,-7.0
12/26/2014,Oklahoma City,Charlotte ,98,75,-23,-6.5
2/8/2015,Orlando,Chicago ,97,98,1,6.5
12/23/2014,Washington,Chicago ,91,99,8,-2.5
2/12/2015,Chicago,Cleveland ,113,98,-15,2.0
2/22/2015,New York,Cleveland ,83,101,18,16.5
11/21/2014,Atlanta,Detroit ,99,89,-10,-6.0
3/27/2015,Orlando,Detroit ,97,111,14,2.5
12/30/2014,Orlando,Detroit ,86,109,23,1.5
11/24/2014,Dallas,Indiana ,100,111,11,-14.0
3/1/2015,Chicago,L.A. Clippers ,86,96,10,2.0
11/20/2014,Miami,L.A. Clippers ,93,110,17,4.0
11/11/2014,Memphis,L.A. Lakers ,107,102,-5,-10.0
1/23/2015,San Antonio,L.A. Lakers ,99,85,-14,-14.0
1/13/2015,L.A. Lakers,Miami ,75,78,3,2.5
3/1/2015,Denver,New Orleans ,92,99,7,4.5
2/25/2015,Boston,New York ,115,94,-21,-10.5
2/21/2015,Charlotte,Oklahoma City ,103,110,7,4.0
12/9/2014,Detroit,Portland ,86,98,12,7.5
1/17/2015,Memphis,Portland ,102,98,-4,-2.5
1/31/2015,Milwaukee,Portland ,95,88,-7,2.0
11/12/2014,Atlanta,Utah ,100,97,-3,-7.0
1/9/2015,Oklahoma City,Utah ,99,94,-5,-11.5
4/15/2015,Chicago,Atlanta ,91,85,-6,-5.5
12/20/2014,Houston,Atlanta ,97,104,7,-5.0
4/15/2015,Milwaukee,Boston ,100,105,5,-6.0
12/23/2014,Orlando,Boston ,100,95,-5,-2.0
12/19/2014,Cleveland,Brooklyn ,95,91,-4,-10.5
12/4/2014,New York,Cleveland ,87,90,3,7.5
3/5/2015,Portland,Dallas ,94,75,-19,-3.0
12/11/2014,Sacramento,Houston ,109,113,4,1.0
11/26/2014,Detroit,L.A. Clippers ,98,104,6,8.5
11/23/2014,Memphis,L.A. Clippers ,107,91,-16,-2.0
3/29/2015,Brooklyn,L.A. Lakers ,107,99,-8,-8.0
12/15/2014,Indiana,L.A. Lakers ,110,91,-19,-5.0
2/6/2015,Minnesota,Memphis ,90,89,-1,8.5
1/3/2015,Houston,Miami ,115,79,-36,-6.5
4/13/2015,Minnesota,New Orleans ,88,100,12,14.0
4/13/2015,Miami,Orlando ,100,93,-7,-6.0
12/15/2014,Toronto,Orlando ,95,82,-13,-6.5
11/11/2014,Toronto,Orlando ,104,100,-4,-10.5
12/26/2014,Portland,Philadelphia ,114,93,-21,-12.5
12/22/2014,Houston,Portland ,110,95,-15,-5.0
3/7/2015,Minnesota,Portland ,121,113,-8,5.0
1/16/2015,San Antonio,Portland ,110,96,-14,-4.5
3/16/2015,Washington,Portland ,105,97,-8,-1.0
12/3/2014,Brooklyn,San Antonio ,95,93,-2,8.5
11/11/2014,Golden State,San Antonio ,100,113,13,-8.5
3/20/2015,Chicago,Toronto ,108,92,-16,-1.5
12/19/2014,Detroit,Toronto ,100,110,10,7.0
3/16/2015,Indiana,Toronto ,98,117,19,-5.0
1/3/2015,Minnesota,Utah ,89,101,12,-1.5
4/10/2015,Brooklyn,Washington ,117,80,-37,-5.0
3/15/2015,L.A. Lakers,Atlanta ,86,91,5,9.0
3/9/2015,Miami,Boston ,90,100,10,-2.5
12/21/2014,Miami,Boston ,100,84,-16,3.0
12/17/2014,Toronto,Brooklyn ,105,89,-16,-12.5
1/5/2015,Boston,Charlotte ,95,104,9,-5.5
3/22/2015,Minnesota,Charlotte ,98,109,11,5.5
4/13/2015,Brooklyn,Chicago ,86,113,27,2.0
2/20/2015,Washington,Cleveland ,89,127,38,3.0
11/14/2014,Indiana,Denver ,87,108,21,-2.5
3/27/2015,Memphis,Golden State ,84,107,23,3.5
1/7/2015,Cleveland,Houston ,93,105,12,6.0
2/27/2015,Memphis,L.A. Clippers ,79,97,18,-4.5
2/8/2015,Cleveland,L.A. Lakers ,120,105,-15,-14.0
1/9/2015,New Orleans,Memphis ,106,95,-11,-1.0
3/25/2015,Boston,Miami ,86,93,7,-8.5
11/19/2014,Brooklyn,Milwaukee ,118,122,4,-6.5
12/29/2014,Charlotte,Milwaukee ,94,104,10,-3.0
2/6/2015,Houston,Milwaukee ,117,111,-6,-5.5
3/19/2015,Phoenix,New Orleans ,74,72,-2,0.0
11/29/2014,Washington,New Orleans ,83,80,-3,-4.0
3/1/2015,L.A. Lakers,Oklahoma City ,101,108,7,4.0
10/29/2014,Portland,Oklahoma City ,106,89,-17,-9.0
11/9/2014,Brooklyn,Orlando ,104,96,-8,-8.5
1/9/2015,L.A. Lakers,Orlando ,101,84,-17,-1.5
11/22/2014,New York,Philadelphia ,91,83,-8,-11.0
11/24/2014,Philadelphia,Portland ,104,114,10,13.0
10/31/2014,Sacramento,Portland ,103,94,-9,4.5
2/11/2015,Milwaukee,Sacramento ,111,103,-8,-10.0
3/31/2015,Detroit,Atlanta ,105,95,-10,2.0
10/29/2014,Toronto,Atlanta ,109,102,-7,-4.5
1/7/2015,Brooklyn,Boston ,81,89,8,-5.0
1/28/2015,Minnesota,Boston ,110,98,-12,4.0
11/17/2014,L.A. Clippers,Chicago ,89,105,16,-7.0
4/8/2015,Milwaukee,Cleveland ,99,104,5,6.5
11/17/2014,Charlotte,Dallas ,80,107,27,4.0
1/25/2015,New Orleans,Dallas ,109,106,-3,3.5
3/3/2015,Atlanta,Houston ,104,96,-8,-8.5
1/5/2015,Chicago,Houston ,114,105,-9,-3.0
11/24/2014,Charlotte,L.A. Clippers ,92,113,21,4.0
1/28/2015,Utah,L.A. Clippers ,89,94,5,6.5
1/27/2015,Dallas,Memphis ,90,109,19,-6.0
1/11/2015,L.A. Clippers,Miami ,90,104,14,-10.0
2/25/2015,Orlando,Miami ,90,93,3,3.5
4/12/2015,Houston,New Orleans ,121,114,-7,-5.0
2/6/2015,Oklahoma City,New Orleans ,113,116,3,-6.0
12/31/2014,San Antonio,New Orleans ,95,93,-2,-4.5
11/22/2014,Utah,New Orleans ,94,106,12,2.5
1/15/2015,Milwaukee,New York ,95,79,-16,-7.5
3/5/2015,Chicago,Oklahoma City ,108,105,-3,1.0
11/19/2014,Denver,Oklahoma City ,107,100,-7,-7.0
3/30/2015,Portland,Phoenix ,109,86,-23,-8.5
3/30/2015,Memphis,Sacramento ,97,83,-14,-10.5
1/10/2015,Minnesota,San Antonio ,93,108,15,10.0
4/8/2015,Charlotte,Toronto ,74,92,18,3.5
12/3/2014,Miami,Atlanta ,102,112,10,-4.5
11/21/2014,Memphis,Boston ,117,100,-17,-6.5
3/6/2015,New Orleans,Boston ,98,104,6,-7.0
11/26/2014,Philadelphia,Brooklyn ,91,99,8,7.0
1/25/2015,Toronto,Detroit ,114,110,-4,-8.0
12/28/2014,San Antonio,Houston ,110,106,-4,-1.5
12/10/2014,Indiana,L.A. Clippers ,96,103,7,6.5
1/30/2015,New Orleans,L.A. Clippers ,108,103,-5,7.5
2/25/2015,Sacramento,Memphis ,102,90,-12,6.5
12/5/2014,Philadelphia,Oklahoma City ,91,103,12,13.5
3/28/2015,Utah,Oklahoma City ,94,89,-5,6.0
12/20/2014,New York,Phoenix ,90,99,9,6.0
4/12/2015,San Antonio,Phoenix ,107,91,-16,-17.0
1/31/2015,Indiana,Sacramento ,94,99,5,-5.5
11/25/2014,New Orleans,Sacramento ,89,99,10,-6.5
3/25/2015,Orlando,Atlanta ,83,95,12,9.0
11/14/2014,Phoenix,Charlotte ,95,103,8,-6.5
3/15/2015,Orlando,Cleveland ,108,123,15,10.5
12/23/2014,Brooklyn,Denver ,102,96,-6,-4.0
11/3/2014,Philadelphia,Houston ,93,104,11,11.5
3/31/2015,Brooklyn,Indiana ,111,106,-5,1.0
12/20/2014,Denver,Indiana ,76,73,-3,-3.0
11/21/2014,Toronto,Milwaukee ,124,82,-42,-8.5
3/22/2015,L.A. Clippers,New Orleans ,107,100,-7,-9.5
3/14/2015,Golden State,New York ,125,94,-31,-19.5
12/17/2014,Boston,Orlando ,109,92,-17,-3.5
11/24/2014,Cleveland,Orlando ,106,74,-32,-11.0
3/29/2015,Cleveland,Philadelphia ,87,86,-1,-17.0
3/20/2015,Orlando,Portland ,111,104,-7,8.5
11/19/2014,Cleveland,San Antonio ,90,92,2,-1.5
12/29/2014,Houston,Washington ,103,104,1,-3.5
1/5/2015,New Orleans,Washington ,85,92,7,-3.0
11/25/2014,Washington,Atlanta ,102,106,4,-4.0
3/11/2015,Miami,Brooklyn ,104,98,-6,-4.0
12/22/2014,Charlotte,Denver ,110,82,-28,-2.5
1/6/2015,San Antonio,Detroit ,104,105,1,-8.0
1/14/2015,Orlando,Houston ,120,113,-7,9.5
4/1/2015,Boston,Indiana ,100,87,-13,-4.0
3/27/2015,Philadelphia,L.A. Clippers ,98,119,21,12.5
2/6/2015,Orlando,L.A. Lakers ,103,97,-6,-4.5
2/11/2015,Oklahoma City,Memphis ,105,89,-16,-4.5
12/18/2014,Houston,New Orleans ,90,99,9,-4.5
1/20/2015,Miami,Oklahoma City ,86,94,8,7.5
4/7/2015,Atlanta,Phoenix ,96,69,-27,-7.0
12/22/2014,Chicago,Toronto ,129,120,-9,-4.0
12/14/2014,New York,Toronto ,90,95,5,6.5
2/11/2015,Dallas,Utah ,87,82,-5,-5.0
2/11/2015,Boston,Atlanta ,89,88,-1,6.5
12/5/2014,Brooklyn,Atlanta ,75,98,23,1.0
1/17/2015,Chicago,Atlanta ,99,107,8,3.5
12/17/2014,Cleveland,Atlanta ,98,127,29,-6.5
12/26/2014,Boston,Brooklyn ,107,109,2,-2.0
2/28/2015,Dallas,Brooklyn ,94,104,10,-8.0
11/15/2014,Golden State,Charlotte ,112,87,-25,-11.0
3/17/2015,L.A. Clippers,Charlotte ,99,92,-7,-10.0
1/16/2015,Boston,Chicago ,103,119,16,5.0
3/10/2015,Dallas,Cleveland ,94,127,33,4.0
11/28/2014,Charlotte,Golden State ,101,106,5,8.5
4/13/2015,Charlotte,Houston ,90,100,10,11.5
3/20/2015,Cleveland,Indiana ,95,92,-3,-10.5
11/28/2014,Houston,L.A. Clippers ,85,102,17,4.5
1/14/2015,Golden State,Miami ,104,89,-15,-15.0
12/31/2014,Cleveland,Milwaukee ,80,96,16,1.0
12/9/2014,Oklahoma City,Milwaukee ,114,101,-13,-10.0
1/25/2015,Atlanta,Minnesota ,112,100,-12,-17.5
12/27/2014,Chicago,New Orleans ,107,100,-7,-10.0
12/21/2014,Oklahoma City,New Orleans ,99,101,2,-7.0
11/26/2014,Dallas,New York ,109,102,-7,-14.0
1/7/2015,Denver,Orlando ,93,90,-3,-7.0
2/4/2015,San Antonio,Orlando ,110,103,-7,-13.5
12/23/2014,Oklahoma City,Portland ,111,115,4,-4.5
3/27/2015,Phoenix,Portland ,81,87,6,1.0
3/6/2015,Orlando,Sacramento ,119,114,-5,3.0
3/22/2015,Atlanta,San Antonio ,95,114,19,-1.5
12/3/2014,Utah,Toronto ,104,123,19,3.5
11/26/2014,Cleveland,Washington ,113,87,-26,-7.5
2/25/2015,Minnesota,Washington ,97,77,-20,-2.5
11/5/2014,San Antonio,Atlanta ,94,92,-2,-8.0
12/12/2014,New Orleans,Cleveland ,119,114,-5,-1.5
10/29/2014,Utah,Houston ,93,104,11,3.0
3/4/2015,Miami,L.A. Lakers ,100,94,-6,-9.0
3/25/2015,Minnesota,L.A. Lakers ,99,101,2,-1.0
12/2/2014,Cleveland,Milwaukee ,111,108,-3,-10.5
3/20/2015,Golden State,New Orleans ,112,96,-16,-14.0
12/2/2014,Golden State,Orlando ,98,97,-1,-14.5
12/17/2014,Charlotte,Phoenix ,106,111,5,2.5
11/15/2014,Toronto,Utah ,111,93,-18,-11.5
3/20/2015,L.A. Clippers,Washington ,113,99,-14,-7.0
1/14/2015,Boston,Atlanta ,91,105,14,5.5
1/3/2015,Chicago,Boston ,109,104,-5,-10.0
4/8/2015,Detroit,Boston ,103,113,10,1.5
1/22/2015,L.A. Clippers,Brooklyn ,123,84,-39,-13.0
12/30/2014,Atlanta,Cleveland ,109,101,-8,-6.5
12/11/2014,Oklahoma City,Cleveland ,103,94,-9,-7.5
1/19/2015,Memphis,Dallas ,95,103,8,-3.5
2/10/2015,L.A. Lakers,Denver ,96,106,10,-1.0
12/3/2014,Boston,Detroit ,109,102,-7,-4.5
3/10/2015,L.A. Lakers,Detroit ,93,85,-8,3.5
11/30/2014,Detroit,Golden State ,93,104,11,8.5
1/13/2015,Utah,Golden State ,105,116,11,8.0
1/7/2015,Golden State,Indiana ,117,102,-15,-11.5
12/17/2014,L.A. Clippers,Indiana ,102,100,-2,-11.0
3/4/2015,Golden State,Milwaukee ,102,93,-9,-13.0
12/17/2014,Portland,Milwaukee ,104,97,-7,-10.0
4/10/2015,L.A. Lakers,Minnesota ,106,98,-8,-5.0
12/6/2014,San Antonio,Minnesota ,123,101,-22,-14.0
11/10/2014,Cleveland,New Orleans ,118,111,-7,-5.5
11/19/2014,Minnesota,New York ,115,99,-16,-1.0
12/3/2014,L.A. Clippers,Orlando ,114,86,-28,-15.0
12/10/2014,Atlanta,Philadelphia ,95,79,-16,-13.0
3/4/2015,Orlando,Phoenix ,100,105,5,4.5
3/18/2015,Miami,Portland ,108,104,-4,2.5
11/3/2014,Denver,Sacramento ,105,110,5,-6.5
3/3/2015,New York,Sacramento ,86,124,38,4.5
2/19/2015,L.A. Clippers,San Antonio ,119,115,-4,2.5
11/10/2014,L.A. Clippers,San Antonio ,85,89,4,-1.5
2/8/2015,Toronto,San Antonio ,87,82,-5,1.5
1/21/2015,Memphis,Toronto ,92,86,-6,-6.0
2/6/2015,Phoenix,Utah ,100,93,-7,-5.5
3/13/2015,Phoenix,Atlanta ,87,96,9,6.5
2/22/2015,L.A. Lakers,Boston ,118,111,-7,3.0
2/20/2015,Sacramento,Boston ,109,101,-8,-4.0
4/12/2015,Milwaukee,Brooklyn ,96,73,-23,-1.0
11/9/2014,L.A. Lakers,Charlotte ,107,92,-15,2.5
3/8/2015,L.A. Lakers,Dallas ,93,100,7,7.5
11/25/2014,Miami,Golden State ,97,114,17,7.5
3/23/2015,Indiana,Houston ,100,110,10,1.5
1/4/2015,L.A. Lakers,Indiana ,88,87,-1,-1.0
2/2/2015,Brooklyn,L.A. Clippers ,102,100,-2,8.5
1/3/2015,Denver,Memphis ,114,85,-29,-1.5
11/26/2014,L.A. Lakers,Memphis ,93,99,6,6.5
12/10/2014,Denver,Miami ,102,82,-20,-6.0
12/9/2014,Phoenix,Miami ,97,103,6,-4.5
12/30/2014,Utah,Minnesota ,100,94,-6,-7.0
12/27/2014,Sacramento,New York ,135,129,-6,-6.0
1/14/2015,Toronto,Philadelphia ,100,84,-16,-17.5
11/21/2014,Minnesota,San Antonio ,92,121,29,11.0
12/26/2014,New Orleans,San Antonio ,97,90,-7,-3.0
2/27/2015,Sacramento,San Antonio ,96,107,11,9.5
4/10/2015,Orlando,Toronto ,99,101,2,5.0
12/29/2014,L.A. Clippers,Utah ,101,97,-4,-12.0
1/23/2015,Denver,Boston ,99,100,1,-6.5
1/23/2015,Dallas,Chicago ,98,102,4,-6.0
3/16/2015,Miami,Cleveland ,106,92,-14,5.5
12/2/2014,Chicago,Dallas ,129,132,3,-1.0
4/12/2015,L.A. Lakers,Dallas ,106,120,14,5.0
12/9/2014,Memphis,Dallas ,114,105,-9,-3.0
11/1/2014,New Orleans,Dallas ,104,109,5,-1.0
12/16/2014,New York,Dallas ,87,107,20,7.5
11/29/2014,Philadelphia,Dallas ,103,110,7,12.5
10/28/2014,San Antonio,Dallas ,101,100,-1,-3.5
1/28/2015,New Orleans,Denver ,85,93,8,-6.0
11/26/2014,Orlando,Golden State ,96,111,15,8.0
3/25/2015,New Orleans,Houston ,93,95,2,-1.0
1/21/2015,New Orleans,L.A. Lakers ,96,80,-16,-7.0
2/23/2015,L.A. Clippers,Memphis ,87,90,3,-3.5
2/2/2015,Toronto,Milwaukee ,75,82,7,-6.0
1/9/2015,Milwaukee,Minnesota ,98,84,-14,-9.5
4/3/2015,Sacramento,New Orleans ,95,101,6,6.5
12/12/2014,Boston,New York ,95,101,6,-6.0
4/15/2015,Brooklyn,Orlando ,101,88,-13,-9.0
3/4/2015,Oklahoma City,Philadelphia ,123,118,-5,-15.0
1/28/2015,Cleveland,Portland ,99,94,-5,-2.5
12/14/2014,Denver,San Antonio ,91,99,8,5.0
10/30/2014,Dallas,Utah ,120,102,-18,-10.5
12/27/2014,Milwaukee,Atlanta ,85,90,5,4.5
3/23/2015,Brooklyn,Boston ,91,110,19,-5.0
1/22/2015,Portland,Boston ,89,90,1,-7.0
2/4/2015,Toronto,Brooklyn ,93,109,16,-7.5
2/4/2015,Boston,Denver ,104,100,-4,-3.5
11/16/2014,New York,Denver ,109,93,-16,-1.5
1/19/2015,Atlanta,Detroit ,93,82,-11,-7.5
2/7/2015,New York,Golden State ,92,106,14,15.0
2/24/2015,Washington,Golden State ,107,114,7,6.5
12/22/2014,San Antonio,L.A. Clippers ,125,118,-7,-1.0
3/27/2015,Toronto,L.A. Lakers ,94,83,-11,-8.0
1/2/2015,L.A. Lakers,Memphis ,106,109,3,4.0
11/7/2014,Orlando,Minnesota ,112,103,-9,4.0
12/16/2014,Washington,Minnesota ,109,95,-14,-12.5
1/14/2015,Detroit,New Orleans ,94,105,11,-3.5
12/28/2014,Portland,New York ,101,79,-22,-11.5
11/1/2014,Utah,Phoenix ,118,91,-27,2.0
1/30/2015,Atlanta,Portland ,105,99,-6,-5.0
4/6/2015,Brooklyn,Portland ,106,96,-10,-6.0
4/3/2015,L.A. Lakers,Portland ,77,107,30,10.5
11/5/2014,Boston,Toronto ,107,110,3,-2.0
11/22/2014,Cleveland,Toronto ,93,110,17,-3.0
2/24/2015,Dallas,Toronto ,99,92,-7,-4.5
4/1/2015,Minnesota,Toronto ,99,113,14,10.0
12/2/2014,Sacramento,Toronto ,109,117,8,2.5
1/31/2015,Washington,Toronto ,116,120,4,-5.0
1/25/2015,Denver,Washington ,115,117,2,3.5
4/8/2015,Brooklyn,Atlanta ,111,114,3,-4.5
11/25/2014,Denver,Chicago ,114,109,-5,-4.5
3/15/2015,Oklahoma City,Chicago ,109,100,-9,-7.0
1/31/2015,Minnesota,Cleveland ,90,106,16,10.5
11/19/2014,Washington,Dallas ,102,105,3,2.5
12/15/2014,L.A. Clippers,Detroit ,113,91,-22,-11.5
12/6/2014,Chicago,Golden State ,102,112,10,2.5
2/22/2015,Indiana,Golden State ,104,98,-6,4.0
12/16/2014,Memphis,Golden State ,105,98,-7,-3.5
12/17/2014,Denver,Houston ,111,115,4,3.0
1/2/2015,New Orleans,Houston ,111,83,-28,2.0
4/8/2015,San Antonio,Houston ,110,98,-12,-6.5
3/29/2015,Washington,Houston ,91,99,8,2.0
1/25/2015,Orlando,Indiana ,99,106,7,1.5
2/2/2015,Phoenix,Memphis ,101,102,1,2.5
3/13/2015,Toronto,Miami ,102,92,-10,-5.0
1/29/2015,Orlando,Milwaukee ,100,115,15,4.0
2/8/2015,Detroit,Minnesota ,101,112,11,-8.0
1/12/2015,Boston,New Orleans ,108,100,-8,5.5
11/17/2014,Portland,New Orleans ,102,93,-9,-3.5
11/18/2014,Sacramento,New Orleans ,100,106,6,-3.0
10/30/2014,Cleveland,New York ,90,95,5,-13.0
1/26/2015,Memphis,Orlando ,103,94,-9,-12.0
10/31/2014,Milwaukee,Philadelphia ,93,81,-12,-8.5
11/19/2014,Detroit,Phoenix ,86,88,2,2.5
12/29/2014,Brooklyn,Sacramento ,107,99,-8,-1.0
3/7/2015,Miami,Sacramento ,114,109,-5,-1.0
1/20/2015,Denver,San Antonio ,99,109,10,8.5
4/10/2015,Houston,San Antonio ,103,104,1,3.5
11/3/2014,L.A. Clippers,Utah ,107,101,-6,-9.5
12/7/2014,Boston,Washington ,101,93,-8,3.5
12/15/2014,Philadelphia,Boston ,87,105,18,5.0
12/8/2014,Washington,Boston ,133,132,-1,-9.0
11/15/2014,Portland,Brooklyn ,97,87,-10,-2.5
11/28/2014,Boston,Chicago ,102,109,7,3.5
12/17/2014,Detroit,Dallas ,106,117,11,7.0
1/1/2015,Chicago,Denver ,106,101,-5,-10.5
2/6/2015,Detroit,Denver ,98,88,-10,-6.5
12/28/2014,Cleveland,Detroit ,80,103,23,-7.5
10/30/2014,Minnesota,Detroit ,97,91,-6,-5.0
3/24/2015,Portland,Golden State ,108,122,14,7.0
12/10/2014,Golden State,Houston ,105,93,-12,-9.0
3/13/2015,Dallas,L.A. Clippers ,129,99,-30,-2.5
3/2/2015,Minnesota,L.A. Clippers ,105,110,5,6.5
11/29/2014,Utah,L.A. Clippers ,96,112,16,5.0
12/26/2014,Atlanta,Milwaukee ,77,107,30,-9.0
12/18/2014,Sacramento,Milwaukee ,107,108,1,-7.5
3/11/2015,Phoenix,Minnesota ,106,97,-9,-5.0
11/28/2014,Atlanta,New Orleans ,100,91,-9,-2.5
3/9/2015,Denver,New York ,106,78,-28,-10.0
12/19/2014,L.A. Lakers,Oklahoma City ,103,104,1,5.5
4/3/2015,Memphis,Oklahoma City ,100,92,-8,-5.5
11/30/2014,Phoenix,Orlando ,90,93,3,-9.0
1/3/2015,L.A. Clippers,Philadelphia ,127,91,-36,-19.5
2/21/2015,Chicago,Phoenix ,112,107,-5,-8.0
11/8/2014,L.A. Clippers,Portland ,106,102,-4,-4.5
3/15/2015,Toronto,Portland ,97,113,16,-1.5
3/11/2015,Charlotte,Sacramento ,106,113,7,-8.0
11/30/2014,Boston,San Antonio ,89,111,22,7.5
11/14/2014,L.A. Lakers,San Antonio ,80,93,13,8.0
11/26/2014,Atlanta,Toronto ,115,126,11,3.5
3/24/2015,Detroit,Toronto ,108,104,-4,4.0
3/10/2015,San Antonio,Toronto ,117,107,-10,-7.0
12/10/2014,Charlotte,Boston ,96,87,-9,-3.0
12/27/2014,Washington,Boston ,101,88,-13,-9.5
2/4/2015,Houston,Chicago ,101,90,-11,-3.0
3/4/2015,Toronto,Cleveland ,112,120,8,5.0
11/21/2014,Washington,Cleveland ,91,78,-13,1.5
2/25/2015,Atlanta,Dallas ,104,87,-17,-9.0
11/22/2014,Houston,Dallas ,95,92,-3,4.0
4/13/2015,Cleveland,Detroit ,109,97,-12,-7.5
3/11/2015,Golden State,Detroit ,105,98,-7,-14.0
12/12/2014,Phoenix,Detroit ,103,105,2,-9.5
11/4/2014,Miami,Houston ,91,108,17,-2.5
12/5/2014,Minnesota,Houston ,112,114,2,7.0
2/24/2015,Oklahoma City,Indiana ,105,92,-13,-7.5
1/31/2015,San Antonio,L.A. Clippers ,85,105,20,-5.0
4/8/2015,Denver,L.A. Lakers ,119,101,-18,-9.5
11/9/2014,Dallas,Miami ,96,105,9,-8.0
11/8/2014,Miami,Minnesota ,102,92,-10,-8.0
12/12/2014,Minnesota,Oklahoma City ,92,111,19,8.5
11/9/2014,Toronto,Philadelphia ,120,88,-32,-13.5
3/4/2015,L.A. Clippers,Portland ,93,98,5,-1.0
1/11/2015,L.A. Lakers,Portland ,94,106,12,5.5
11/2/2014,L.A. Clippers,Sacramento ,92,98,6,-9.5
2/23/2015,Denver,Brooklyn ,82,110,28,2.5
2/24/2015,Detroit,Cleveland ,93,102,9,6.5
1/11/2015,Sacramento,Cleveland ,103,84,-19,-3.5
1/5/2015,Brooklyn,Dallas ,88,96,8,7.0
3/27/2015,San Antonio,Dallas ,94,76,-18,-8.5
11/7/2014,Utah,Dallas ,82,105,23,3.0
3/6/2015,San Antonio,Denver ,120,111,-9,-11.0
10/29/2014,Denver,Detroit ,89,79,-10,-6.5
12/14/2014,New Orleans,Golden State ,122,128,6,6.5
2/9/2015,Philadelphia,Golden State ,84,89,5,15.5
1/30/2015,Utah,Golden State ,110,100,-10,10.0
1/31/2015,Detroit,Houston ,114,101,-13,4.0
11/19/2014,Orlando,L.A. Clippers ,90,114,24,5.0
12/12/2014,Washington,L.A. Clippers ,104,96,-8,2.5
11/26/2014,Minnesota,Milwaukee ,86,103,17,1.5
3/27/2015,Houston,Minnesota ,120,110,-10,-13.5
1/18/2015,Toronto,New Orleans ,93,95,2,-11.0
10/30/2014,L.A. Clippers,Oklahoma City ,93,90,-3,-12.5
3/18/2015,Dallas,Orlando ,107,102,-5,-12.5
4/3/2015,Minnesota,Orlando ,84,97,13,4.5
4/8/2015,Dallas,Phoenix ,107,104,-3,-8.5
12/21/2014,Washington,Phoenix ,92,104,12,-5.5
12/20/2014,New Orleans,Portland ,88,114,26,-5.5
11/11/2014,Dallas,Sacramento ,106,98,-8,-7.5
3/13/2015,Philadelphia,Sacramento ,114,107,-7,4.5
1/19/2015,Portland,Sacramento ,98,94,-4,-9.5
12/9/2014,Cleveland,Toronto ,105,101,-4,-6.0
1/9/2015,Detroit,Atlanta ,103,106,3,2.5
1/3/2015,Portland,Atlanta ,107,115,8,-6.0
1/16/2015,Toronto,Atlanta ,89,110,21,2.0
3/20/2015,San Antonio,Boston ,101,89,-12,-8.5
4/4/2015,Atlanta,Brooklyn ,131,99,-32,-10.0
3/20/2015,Sacramento,Charlotte ,101,91,-10,4.0
1/16/2015,L.A. Clippers,Cleveland ,121,126,5,-8.5
3/12/2015,San Antonio,Cleveland ,125,128,3,1.5
12/3/2014,Milwaukee,Dallas ,105,107,2,4.0
12/13/2014,Houston,Denver ,108,96,-12,-6.5
3/22/2015,Orlando,Denver ,100,119,19,1.0
11/9/2014,Portland,Denver ,116,100,-16,-9.5
11/5/2014,Sacramento,Denver ,131,109,-22,-3.5
12/1/2014,Utah,Denver ,101,103,2,3.5
10/29/2014,Sacramento,Golden State ,77,95,18,4.5
11/12/2014,Minnesota,Houston ,101,113,12,6.0
3/11/2015,Portland,Houston ,105,100,-5,-2.5
11/14/2014,New Orleans,Minnesota ,139,91,-48,-8.0
1/26/2015,Oklahoma City,Minnesota ,92,84,-8,-13.5
12/31/2014,L.A. Clippers,New York ,99,78,-21,-13.0
11/14/2014,Houston,Philadelphia ,88,87,-1,-16.5
3/2/2015,Miami,Phoenix ,115,98,-17,-1.5
3/1/2015,Sacramento,Portland ,99,110,11,8.0
3/27/2015,New Orleans,Sacramento ,102,88,-14,-6.5
12/20/2014,Dallas,San Antonio ,99,93,-6,-11.0
2/20/2015,Atlanta,Toronto ,80,105,25,-5.5
4/14/2015,Boston,Toronto ,95,93,-2,-1.0
4/3/2015,Brooklyn,Toronto ,114,109,-5,-2.0
1/2/2015,Oklahoma City,Washington ,109,102,-7,-7.0
2/9/2015,Minnesota,Atlanta ,105,117,12,6.5
1/19/2015,Cleveland,Chicago ,108,94,-14,-4.5
3/6/2015,Atlanta,Cleveland ,106,97,-9,1.5
3/1/2015,Houston,Cleveland ,105,103,-2,1.0
3/28/2015,Portland,Denver ,120,114,-6,-9.0
4/7/2015,New Orleans,Golden State ,103,100,-3,4.5
12/2/2014,Detroit,L.A. Lakers ,96,106,10,-2.0
12/21/2014,Sacramento,L.A. Lakers ,108,101,-7,-7.0
3/15/2015,San Antonio,Minnesota ,123,97,-26,-14.0
12/4/2014,Golden State,New Orleans ,112,85,-27,-9.5
2/27/2015,Portland,Oklahoma City ,115,112,-3,-6.0
12/16/2014,Sacramento,Oklahoma City ,92,104,12,7.5
1/23/2015,New York,Orlando ,113,106,-7,3.0
3/24/2015,Sacramento,Philadelphia ,107,106,-1,-8.5
2/8/2015,Houston,Portland ,98,109,11,-4.5
12/10/2014,Minnesota,Portland ,90,82,-8,10.0
4/15/2015,L.A. Lakers,Sacramento ,99,122,23,-3.0
3/24/2015,Dallas,San Antonio ,101,94,-7,3.5
3/16/2015,Sacramento,Atlanta ,103,110,7,4.5
1/15/2015,L.A. Lakers,Cleveland ,102,109,7,6.0
11/4/2014,Portland,Cleveland ,101,82,-19,2.5
11/5/2014,Utah,Cleveland ,102,100,-2,5.5
3/22/2015,Phoenix,Dallas ,98,92,-6,4.5
3/13/2015,Denver,Golden State ,114,103,-11,-2.5
1/25/2015,L.A. Lakers,Houston ,87,99,12,8.5
10/28/2014,L.A. Lakers,Houston ,90,108,18,7.0
2/5/2015,Cleveland,L.A. Clippers ,105,94,-11,-4.5
2/8/2015,Oklahoma City,L.A. Clippers ,131,108,-23,-7.5
4/14/2015,Phoenix,L.A. Clippers ,101,112,11,11.0
4/7/2015,L.A. Clippers,L.A. Lakers ,105,100,-5,-17.0
12/12/2014,San Antonio,L.A. Lakers ,110,112,2,-12.5
3/9/2015,L.A. Clippers,Minnesota ,89,76,-13,-7.5
12/7/2014,L.A. Lakers,New Orleans ,87,104,17,2.5
3/17/2015,Houston,Orlando ,107,94,-13,-11.0
2/2/2015,Oklahoma City,Orlando ,104,97,-7,-10.5
3/21/2015,Houston,Phoenix ,102,117,15,-7.5
2/20/2015,Minnesota,Phoenix ,111,109,-2,-1.5
2/7/2015,Dallas,Portland ,111,101,-10,-2.5
3/4/2015,San Antonio,Sacramento ,112,85,-27,-10.5
2/28/2015,Phoenix,San Antonio ,74,101,27,-2.0
12/22/2014,Dallas,Atlanta ,102,105,3,-4.0
3/11/2015,Denver,Atlanta ,115,102,-13,7.0
3/18/2015,Golden State,Atlanta ,114,95,-19,-6.5
3/18/2015,Cleveland,Brooklyn ,117,92,-25,-12.0
11/12/2014,Phoenix,Brooklyn ,112,104,-8,-4.5
1/4/2015,Cleveland,Dallas ,90,109,19,7.5
3/6/2015,Houston,Detroit ,103,93,-10,-7.5
3/29/2015,Boston,L.A. Clippers ,106,119,13,6.0
4/8/2015,Portland,Minnesota ,116,91,-25,-16.5
12/6/2014,L.A. Clippers,New Orleans ,120,100,-20,-9.0
1/23/2015,Atlanta,Oklahoma City ,103,93,-10,-3.5
1/21/2015,Washington,Oklahoma City ,103,105,2,-1.0
12/6/2014,Houston,Phoenix ,100,95,-5,2.0
2/8/2015,Sacramento,Phoenix ,85,83,-2,8.0
12/9/2014,L.A. Lakers,Sacramento ,98,95,-3,-3.5
3/14/2015,Washington,Sacramento ,113,97,-16,-10.0
11/21/2014,Golden State,Utah ,101,88,-13,-12.5
3/23/2015,Golden State,Washington ,107,76,-31,-11.0
3/27/2015,Brooklyn,Cleveland ,106,98,-8,8.5
3/4/2015,Minnesota,Denver ,85,100,15,-7.0
12/5/2014,Washington,Denver ,119,89,-30,-4.5
3/28/2015,Milwaukee,Golden State ,95,108,13,4.5
12/25/2014,Chicago,L.A. Lakers ,113,93,-20,-11.5
10/29/2014,Phoenix,L.A. Lakers ,119,99,-20,-12.0
4/13/2015,Sacramento,L.A. Lakers ,102,92,-10,-3.5
12/3/2014,Washington,L.A. Lakers ,111,95,-16,-8.5
11/5/2014,Brooklyn,Minnesota ,91,98,7,-5.0
2/2/2015,Dallas,Minnesota ,100,94,-6,-10.0
4/15/2015,Dallas,Portland ,114,98,-16,-6.5
1/30/2015,Cleveland,Sacramento ,101,90,-11,-9.5
10/31/2014,Phoenix,San Antonio ,94,89,-5,1.0
11/15/2014,Cleveland,Atlanta ,127,94,-33,-7.0
4/10/2015,Cleveland,Boston ,90,99,9,-6.0
11/3/2014,Dallas,Boston ,118,113,-5,-9.5
11/1/2014,Houston,Boston ,104,90,-14,-7.0
4/4/2015,Toronto,Boston ,116,117,1,-2.5
2/27/2015,Houston,Brooklyn ,102,98,-4,-8.0
11/14/2014,Boston,Cleveland ,121,122,1,6.0
3/6/2015,Golden State,Dallas ,104,89,-15,-11.5
4/3/2015,San Antonio,Denver ,123,93,-30,-13.0
1/12/2015,Toronto,Detroit ,111,114,3,-6.0
11/2/2014,Portland,Golden State ,90,95,5,-3.5
1/30/2015,Boston,Houston ,87,93,6,7.0
3/30/2015,Toronto,Houston ,99,96,-3,-2.0
1/17/2015,Sacramento,L.A. Clippers ,108,117,9,10.0
11/19/2014,Houston,L.A. Lakers ,92,98,6,-11.5
1/15/2015,Houston,Oklahoma City ,112,101,-11,2.5
1/2/2015,Phoenix,Philadelphia ,112,96,-16,-13.5
11/21/2014,Philadelphia,Phoenix ,96,122,26,9.0
11/12/2014,Denver,Portland ,113,130,17,-2.5
11/30/2014,L.A. Lakers,Toronto ,129,122,-7,7.0
1/10/2015,Toronto,Boston ,109,96,-13,-11.5
1/31/2015,Orlando,Dallas ,93,108,15,7.0
3/15/2015,New Orleans,Denver ,111,118,7,-8.0
3/2/2015,Brooklyn,Golden State ,110,108,-2,5.5
11/8/2014,Houston,Golden State ,87,98,11,3.5
11/9/2014,Phoenix,Golden State ,107,95,-12,-1.5
12/23/2014,Atlanta,L.A. Clippers ,107,104,-3,-1.5
4/1/2015,Portland,L.A. Clippers ,122,126,4,-3.0
1/14/2015,Portland,L.A. Clippers ,94,100,6,-3.5
3/16/2015,Golden State,L.A. Lakers ,108,105,-3,-18.0
11/12/2014,New Orleans,L.A. Lakers ,109,102,-7,-10.5
1/5/2015,Portland,L.A. Lakers ,98,94,-4,-12.5
12/10/2014,Dallas,New Orleans ,112,107,-5,-7.0
1/21/2015,Detroit,Orlando ,128,118,-10,-8.0
12/30/2014,Golden State,Philadelphia ,126,86,-40,-17.5
1/11/2015,Memphis,Phoenix ,122,110,-12,-3.5
1/6/2015,Milwaukee,Phoenix ,96,102,6,4.5
11/7/2014,Phoenix,Sacramento ,112,114,2,-5.0
1/28/2015,Toronto,Sacramento ,119,102,-17,-5.5
3/22/2015,Sacramento,Washington ,109,86,-23,3.5
1/27/2015,Detroit,Cleveland ,95,103,8,8.5
12/5/2014,Toronto,Cleveland ,91,105,14,-4.5
11/6/2014,Portland,Dallas ,108,87,-21,-2.0
2/5/2015,Sacramento,Dallas ,78,101,23,3.0
12/15/2014,Phoenix,Milwaukee ,94,96,2,-5.5
3/25/2015,Denver,Philadelphia ,85,99,14,-11.5
11/23/2014,Boston,Portland ,88,94,6,4.5
1/4/2015,Detroit,Sacramento ,114,95,-19,-3.5
12/30/2014,Portland,Toronto ,102,97,-5,-3.5
1/5/2015,L.A. Clippers,Atlanta ,98,107,9,-5.5
3/20/2015,Miami,Denver ,108,91,-17,-7.5
2/22/2015,Oklahoma City,Denver ,119,94,-25,-8.5
2/9/2015,Dallas,L.A. Clippers ,98,115,17,-8.0
10/31/2014,L.A. Lakers,L.A. Clippers ,111,118,7,11.5
12/13/2014,Milwaukee,L.A. Clippers ,111,106,-5,6.0
3/11/2015,Oklahoma City,L.A. Clippers ,108,120,12,-6.5
12/20/2014,L.A. Clippers,Milwaukee ,106,102,-4,-10.0
3/18/2015,Toronto,Minnesota ,105,100,-5,-11.0
4/2/2015,Golden State,Phoenix ,107,106,-1,-12.5
11/24/2014,Toronto,Phoenix ,104,100,-4,-4.5
3/9/2015,Atlanta,Sacramento ,130,105,-25,-11.0
2/21/2015,Houston,Toronto ,98,76,-22,-2.0
12/30/2014,Dallas,Washington ,114,87,-27,-5.0
3/20/2015,Oklahoma City,Atlanta ,123,115,-8,-1.0
3/3/2015,Cleveland,Boston ,110,79,-31,-11.0
1/9/2015,Golden State,Cleveland ,112,94,-18,-13.0
1/28/2015,Houston,Dallas ,99,94,-5,-4.0
1/5/2015,Minnesota,Denver ,101,110,9,5.0
4/2/2015,Dallas,Houston ,101,108,7,-2.5
4/5/2015,L.A. Lakers,L.A. Clippers ,78,106,28,13.5
11/1/2014,Golden State,L.A. Lakers ,127,104,-23,-14.0
12/7/2014,Dallas,Milwaukee ,125,102,-23,-9.0
12/23/2014,Cleveland,Minnesota ,125,104,-21,-14.0
11/15/2014,Dallas,Minnesota ,131,117,-14,-11.5
1/17/2015,Denver,Minnesota ,105,113,8,-11.5
12/28/2014,Dallas,Oklahoma City ,112,107,-5,-2.0
4/12/2015,Indiana,Oklahoma City ,116,104,-12,-3.0
11/13/2014,Dallas,Philadelphia ,123,70,-53,-13.5
11/15/2014,L.A. Clippers,Phoenix ,120,107,-13,-7.0
4/9/2015,Golden State,Portland ,116,105,-11,-10.5
12/2/2014,Atlanta,Boston ,109,105,-4,-7.0
11/13/2014,Golden State,Brooklyn ,107,99,-8,-10.0
11/7/2014,Denver,Cleveland ,101,110,9,5.0
11/28/2014,Toronto,Dallas ,102,106,4,-3.5
12/7/2014,Atlanta,Denver ,96,84,-12,-6.0
1/7/2015,Dallas,Detroit ,95,108,13,-9.0
11/5/2014,Golden State,L.A. Clippers ,121,104,-17,-5.0
2/6/2015,Toronto,L.A. Clippers ,123,107,-16,1.0
4/15/2015,Minnesota,Oklahoma City ,113,138,25,14.0
12/14/2014,Oklahoma City,Phoenix ,112,88,-24,-7.5
1/28/2015,Phoenix,Washington ,106,98,-8,-6.5
2/23/2015,Phoenix,Boston ,110,115,5,-8.0
4/5/2015,San Antonio,Golden State ,107,92,-15,-4.5
11/18/2014,Atlanta,L.A. Lakers ,109,114,5,-8.5
1/25/2015,Cleveland,Oklahoma City ,108,98,-10,-3.5
12/18/2014,Golden State,Oklahoma City ,114,109,-5,-2.5
3/29/2015,Phoenix,Oklahoma City ,97,109,12,-2.0
3/7/2015,Cleveland,Phoenix ,89,79,-10,-11.0
2/5/2015,Portland,Phoenix ,108,87,-21,-5.0
12/2/2014,Denver,Portland ,103,105,2,3.0
1/21/2015,Phoenix,Portland ,118,113,-5,-7.5
12/31/2014,Boston,Sacramento ,106,84,-22,2.0
4/1/2015,Houston,Sacramento ,115,111,-4,-10.5
1/1/2015,Minnesota,Sacramento ,107,110,3,4.5
3/18/2015,Oklahoma City,Boston ,122,118,-4,-6.5
4/10/2015,Denver,Dallas ,143,144,1,-1.5
1/14/2015,Denver,Dallas ,114,107,-7,-5.0
12/14/2014,Minnesota,L.A. Lakers ,94,100,6,4.0
12/19/2014,Boston,Minnesota ,114,98,-16,-6.0
3/13/2015,Oklahoma City,Minnesota ,113,99,-14,-9.5
12/3/2014,Minnesota,Philadelphia ,77,85,8,-7.0
3/6/2015,Brooklyn,Phoenix ,100,108,8,-2.0
1/9/2015,San Antonio,Phoenix ,100,95,-5,-5.0
12/22/2014,Golden State,Sacramento ,128,108,-20,-11.0
11/22/2014,Minnesota,Sacramento ,101,113,12,8.5
1/19/2015,L.A. Clippers,Boston ,102,93,-9,-12.0
1/30/2015,Phoenix,Chicago ,99,93,-6,-7.0
1/13/2015,Phoenix,Cleveland ,107,100,-7,-4.5
2/27/2015,Toronto,Golden State ,89,113,24,2.0
2/20/2015,Dallas,Houston ,111,100,-11,-2.5
3/18/2015,Sacramento,L.A. Clippers ,105,116,11,9.0
12/26/2014,Denver,Minnesota ,106,102,-4,-10.0
11/30/2014,Portland,Minnesota ,107,93,-14,-14.0
11/21/2014,Denver,New Orleans ,117,97,-20,2.5
1/7/2015,Sacramento,Oklahoma City ,104,83,-21,7.5
11/4/2014,L.A. Lakers,Phoenix ,106,112,6,6.0
12/26/2014,Sacramento,Phoenix ,106,115,9,5.0
2/20/2015,Golden State,San Antonio ,110,99,-11,-7.5
1/25/2015,Golden State,Boston ,114,111,-3,-18.0
1/10/2015,L.A. Clippers,Dallas ,120,100,-20,-3.5
1/9/2015,Sacramento,Denver ,108,118,10,-5.0
2/6/2015,Atlanta,Golden State ,124,116,-8,2.0
11/16/2014,L.A. Lakers,Golden State ,115,136,21,8.0
12/8/2014,Minnesota,Golden State ,86,102,16,14.5
2/11/2015,L.A. Clippers,Houston ,110,95,-15,-3.0
3/8/2015,Golden State,L.A. Clippers ,106,98,-8,-9.0
3/22/2015,Oklahoma City,Miami ,93,75,-18,-4.0
11/28/2014,L.A. Lakers,Minnesota ,119,120,1,-5.5
12/30/2014,New Orleans,Phoenix ,110,106,-4,-2.0
12/31/2014,Oklahoma City,Phoenix ,137,134,-3,-8.0
3/25/2015,Phoenix,Sacramento ,99,108,9,-8.0
3/8/2015,Oklahoma City,Toronto ,108,104,-4,-6.5
11/19/2014,Philadelphia,Boston ,90,101,11,6.5
1/27/2015,Golden State,Chicago ,111,113,2,-11.0
2/19/2015,Oklahoma City,Dallas ,104,89,-15,-5.0
3/9/2015,Phoenix,Golden State ,80,98,18,5.5
3/15/2015,L.A. Clippers,Houston ,98,100,2,-5.0
1/18/2015,Orlando,Oklahoma City ,99,127,28,9.0
1/21/2015,Minnesota,Dallas ,75,98,23,9.5
4/1/2015,Oklahoma City,Dallas ,131,135,4,-3.0
1/13/2015,Sacramento,Dallas ,104,108,4,5.0
4/13/2015,L.A. Clippers,Denver ,110,103,-7,-18.0
12/8/2014,Toronto,Denver ,112,107,-5,-10.0
2/23/2015,Houston,Minnesota ,113,102,-11,-8.0
4/7/2015,Sacramento,Minnesota ,116,111,-5,-8.5
2/9/2015,Denver,Oklahoma City ,114,124,10,6.5
2/25/2015,Denver,Phoenix ,96,110,14,6.0
12/28/2014,Denver,Toronto ,102,116,14,2.5
12/27/2014,L.A. Clippers,Toronto ,98,110,12,-4.5
3/19/2015,Houston,Denver ,118,108,-10,-7.0
1/26/2015,L.A. Clippers,Denver ,102,98,-4,-14.0
1/17/2015,Houston,Golden State ,106,131,25,-2.0
12/26/2014,Dallas,L.A. Lakers ,102,98,-4,-13.0
12/30/2014,Denver,L.A. Lakers ,103,111,8,-5.5
1/7/2015,L.A. Clippers,L.A. Lakers ,114,89,-25,-10.5
3/24/2015,Oklahoma City,L.A. Lakers ,127,117,-10,-9.5
4/11/2015,Golden State,Minnesota ,110,101,-9,-20.0
4/7/2015,Oklahoma City,San Antonio ,88,113,25,6.0
1/2/2015,Boston,Dallas ,101,119,18,5.5
11/21/2014,Dallas,L.A. Lakers ,140,106,-34,-11.0
1/19/2015,Phoenix,L.A. Lakers ,115,100,-15,-10.5
3/16/2015,Dallas,Oklahoma City ,119,115,-4,-6.0
2/21/2015,L.A. Clippers,Sacramento ,126,99,-27,-10.0
1/16/2015,Dallas,Denver ,97,89,-8,-8.0
4/15/2015,Golden State,Denver ,133,126,-7,-11.5
11/26/2014,Phoenix,Denver ,120,112,-8,-7.5
4/4/2015,Dallas,Golden State ,110,123,13,6.5
3/7/2015,Denver,Houston ,100,114,14,4.0
12/19/2014,Denver,L.A. Clippers ,109,106,-3,3.0
11/17/2014,Boston,Phoenix ,114,118,4,1.5
11/28/2014,Denver,Phoenix ,122,97,-25,-2.0
12/27/2014,Golden State,Minnesota ,110,97,-13,-18.5
12/1/2014,L.A. Clippers,Minnesota ,127,101,-26,-15.0
12/5/2014,Dallas,Phoenix ,106,118,12,-5.5
12/8/2014,L.A. Clippers,Phoenix ,121,120,-1,-7.5
1/7/2015,Minnesota,Phoenix ,111,113,2,8.0
12/23/2014,Phoenix,Dallas ,124,115,-9,-1.5
2/26/2015,Cleveland,Golden State ,110,99,-11,-3.0
12/23/2014,L.A. Lakers,Golden State ,115,105,-10,10.0
1/16/2015,Phoenix,Minnesota ,110,99,-11,-13.5
1/5/2015,Golden State,Oklahoma City ,117,91,-26,-3.5
2/26/2015,Phoenix,Oklahoma City ,117,113,-4,5.0
3/25/2015,San Antonio,Oklahoma City ,130,91,-39,-7.5
12/28/2014,L.A. Lakers,Phoenix ,107,116,9,5.0
1/2/2015,Golden State,Toronto ,126,105,-21,-4.5
1/4/2015,Phoenix,Toronto ,125,109,-16,-1.0
2/4/2015,Golden State,Dallas ,128,114,-14,-8.0
12/13/2014,Dallas,Golden State ,98,105,7,-1.0
1/16/2015,Oklahoma City,Golden State ,127,115,-12,1.0
4/4/2015,Denver,L.A. Clippers ,92,107,15,9.5
4/13/2015,Oklahoma City,Portland ,101,90,-11,-8.0
3/1/2015,Boston,Golden State ,101,106,5,8.5
2/11/2015,Minnesota,Golden State ,91,94,3,9.5
2/10/2015,Phoenix,Houston ,118,127,9,-2.5
1/23/2015,Golden State,Sacramento ,126,101,-25,-15.5
11/17/2014,Cleveland,Denver ,97,106,9,-11.5
1/19/2015,Golden State,Denver ,122,79,-43,-13.5
2/3/2015,Sacramento,Golden State ,96,121,25,10.0
12/25/2014,L.A. Clippers,Golden State ,100,86,-14,-2.0
2/25/2015,Houston,L.A. Clippers ,110,105,-5,-3.5
4/12/2015,Denver,Sacramento ,122,111,-11,-9.0
3/31/2015,L.A. Clippers,Golden State ,106,110,4,-3.0
1/21/2015,Golden State,Houston ,126,113,-13,-8.0
4/5/2015,Oklahoma City,Houston ,112,115,3,1.0
12/5/2014,Boston,L.A. Lakers ,113,96,-17,-3.0
4/10/2015,Oklahoma City,Sacramento ,116,103,-13,-13.5
1/23/2015,Phoenix,Houston ,111,113,2,-2.5
11/23/2014,L.A. Lakers,Denver ,94,101,7,1.5
1/25/2015,Phoenix,L.A. Clippers ,100,120,20,2.5
1/31/2015,Golden State,Phoenix ,106,87,-19,-10.5
